"","county","ratio"
"1","DU PAGE",0.0507045208567342
"2","CHAMPAIGN",0.0464268169339691
"3","WASHTENAW",0.0414367862810449
"4","COOK",0.0369368315832094
"5","TIPPECANOE",0.036914807271168
"6","JACKSON",0.0356657441826191
"7","LA CROSSE",0.0272409707468541
"8","INGHAM",0.0268239734385198
"9","EAU CLAIRE",0.0249345526689598
"10","MONROE",0.0248949329222412
